{
  "branches": {
    "Lab7 USIU HQ": {
      "name": "Headquarter",
      "orders": {
        "order1": {
          "customer": "customer1",
          "items": {
            "drink1": 2,
            "drink2": 1
          },
          "totalAmount": 15.00
        }
      },
      "stock": {
        "drink1": 50,
        "drink2": 30
      }
    },
    "branch2": {
      "name": "Nakuru",
      "orders": {
        "order1": {
          "customer": "customer2",
          "items": {
            "drink1": 2,
            "drink2": 10
          },
          "totalAmount": 15.00
        }
      },
      "branch3": {
        "name": "Kigali",
        "orders": {
          "order1": {
            "customer": "customer3",
            "items": {
              "drink1": 13,
              "drink2": 10
            },
            "totalAmount": 15.00
          }
        },
      "stock": {
        "drink1": 50,
        "drink2": 30
      }
    }
  }
  },
  "customers": {
    "customer1": {
      "name": "Roy Tanga",
      "orders": {
        "order1": true
      }
    }
  },
  "alerts": {
    "branch1": {
      "lowStock": {
        "drink1": true
      }
    }
  }
}
