{
  "project_info": {
    "project_number": "360182940240",
    "project_id": "groupwork-e6340",
    "storage_bucket": "groupwork-e6340.appspot.com"
  },
  "client": [
    {
      "client_info": {
        "mobilesdk_app_id": "1:360182940240:android:513d7db8cb65ef39744755",
        "android_client_info": {
          "package_name": "com.example.groupwork"
        }
      },
      "oauth_client": [],
      "api_key": [
        {
          "current_key": "AIzaSyCQm8iF-Y_58y5YKTPNcL0CwAHDfRFgty8"
        }
      ],
      "services": {
        "appinvite_service": {
          "other_platform_oauth_client": []
        }
      }
    }
  ],
  "configuration_version": "1"
}